{
    "A: Summary": {
        "identifier": 0.01754386,
        "title": 0.01754386,
        "abstract": 0.01754386,
        "publisher": 0.01754386,
        "contactPoint": 0.035087718999999996,
        "accessRights": 0.035087718999999996,
        "group": 0.01754386
    },
    "B: Business": {
        "description": 0.035087718999999996,
        "releaseDate": 0.035087718999999996,
        "accessRequestCost": 0.035087718999999996,
        "accessRequestDuration": 0.01754386,
        "dataController": 0.01754386,
        "dataProcessor": 0.01754386,
        "license": 0.01754386,
        "derivedDatasets": 0.01754386,
        "linkedDataset": 0.01754386
    },
    "C: Coverage & Detail": {
        "geographicCoverage": 0.01754386,
        "periodicity": 0.035087718999999996,
        "datasetEndDate": 0.035087718999999996,
        "datasetStartDate": 0.035087718999999996,
        "jurisdiction": 0.01754386,
        "populationType": 0.01754386,
        "statisticalPopulation": 0.052631579000000005,
        "ageBand": 0.01754386,
        "physicalSampleAvailability": 0.01754386,
        "keywords": 0.01754386
    },
    "D: Format & Structure": {
        "conformsTo": 0.01754386,
        "controlledVocabulary": 0.01754386,
        "language": 0.01754386,
        "format": 0.01754386,
        "fileSize": 0.01754386
    },
    "E: Attribution": {
        "creator": 0.01754386,
        "citations": 0.01754386,
        "doi": 0.01754386
    },
    "F: Technical Metadata": {
        "dataClassesCount": 0.035087718999999996,
        "tableName": 0.035087718999999996,
        "tableDescription": 0.035087718999999996,
        "columnName": 0.035087718999999996,
        "columnDescription": 0.035087718999999996,
        "dataType": 0.035087718999999996,
        "sensitive": 0.01754386
    }
}