{
    "A: Summary": {
        "identifier": 0.015873016,
        "title": 0.015873016,
        "abstract": 0.015873016,
        "publisher": 0.015873016,
        "contactPoint": 0.031746032,
        "accessRights": 0.031746032,
        "group": 0.015873016
    },
    "B: Business": {
        "description": 0.031746032,
        "releaseDate": 0.031746032,
        "accessRequestCost": 0.031746032,
        "accessRequestDuration": 0.015873016,
        "dataController": 0.031746032,
        "dataProcessor": 0.015873016,
        "license": 0.031746032,
        "derivedDatasets": 0.015873016,
        "linkedDataset": 0.031746032
    },
    "C: Coverage & Detail": {
        "geographicCoverage": 0.015873016,
        "periodicity": 0.031746032,
        "datasetEndDate": 0.031746032,
        "datasetStartDate": 0.031746032,
        "jurisdiction": 0.015873016,
        "populationType": 0.015873016,
        "statisticalPopulation": 0.015873016,
        "ageBand": 0.015873016,
        "physicalSampleAvailability": 0.015873016,
        "keywords": 0.015873016
    },
    "D: Format & Structure": {
        "conformsTo": 0.015873016,
        "controlledVocabulary": 0.015873016,
        "language": 0.015873016,
        "format": 0.015873016,
        "fileSize": 0.015873016
    },
    "E: Attribution": {
        "creator": 0.015873016,
        "citations": 0.015873016,
        "doi": 0.015873016
    },
    "F: Technical Metadata": {
        "dataClassesCount": 0.047619048,
        "tableName": 0.047619048,
        "tableDescription": 0.047619048,
        "columnName": 0.047619048,
        "columnDescription": 0.047619048,
        "dataType": 0.047619048,
        "sensitive": 0.0
    },
    "G: Other Metadata": {
        "usageRestrictions": 0.0,
        "purpose": 0.0,
        "source": 0.0,
        "setting": 0.0,
        "accessEnvironment": 0.0,
        "linkageOpportunity": 0.0,
        "disambiguatingDescription": 0.0
    }
}