{
    "1: Summary": {
        "identifier": 0.026845637999999998,
        "title": 0.026845637999999998,
        "abstract": 0.026845637999999998,
        "contactPoint": 0.026845637999999998,
        "keywords": 0.026845637999999998,
        "doi": 0.0,
        "alternateIdentifiers": 0.026845637999999998,
        "publisher.identifier": 0.0,
        "publisher": 0.026845637999999998,
        "publisher.logo": 0.0,
        "publisher.description": 0.0,
        "publisher.contactPoint": 0.0,
        "memberOf": 0.006711409000000001,
        "publisher.deliveryleadTime": 0.0,
        "publisher.accessService": 0.0,
        "publisher.accessRequestCost": 0.0,
        "publisher.dataUseLimitation": 0.0,
        "publisher.dataUseRequirements": 0.0
    },
    "2: Documentation": {
        "description": 0.026845637999999998,
        "media": 0.0,
        "group": 0.0
    },
    "3: Coverage": {
        "geographicCoverage": 0.026845637999999998,
        "ageBand": 0.026845637999999998,
        "physicalSampleAvailability": 0.026845637999999998,
        "followup": 0.006711409000000001,
        "pathway": 0.006711409000000001
    },
    "4: Provenance": {
        "purpose": 0.006711409000000001,
        "source": 0.006711409000000001,
        "setting": 0.006711409000000001,
        "periodicity": 0.026845637999999998,
        "releaseDate": 0.0,
        "startDate": 0.026845637999999998,
        "endDate": 0.0,
        "timeLag": 0.006711409000000001
    },
    "5: Accessibility": {
        "usageRestrictions": 0.026845637999999998,
        "license": 0.026845637999999998,
        "creator": 0.026845637999999998,
        "investigations": 0.006711409000000001,
        "citations": 0.006711409000000001,
        "accessRights": 0.026845637999999998,
        "accessEnvironment": 0.006711409000000001,
        "accessRequestCost": 0.026845637999999998,
        "accessRequestDuration": 0.026845637999999998,
        "jurisdiction": 0.026845637999999998,
        "dataController": 0.026845637999999998,
        "dataProcessor": 0.0,
        "controlledVocabulary": 0.026845637999999998,
        "conformsTo": 0.026845637999999998,
        "language": 0.026845637999999998,
        "format": 0.026845637999999998
    },
    "6: Enrichment & Linkage": {
        "linkedDataset": 0.006711409000000001,
        "derivedDatasets": 0.006711409000000001,
        "tools": 0.006711409000000001
    },
    "7. Observations": {
        "populationType": 0.026845637999999998,
        "statisticalPopulation": 0.026845637999999998,
        "disambiguatingDescription": 0.0,
        "observationDate": 0.0,
        "measuredProperty": 0.0
    },
    "8. Structural metadata": {
        "dataClassesCount": 0.026845637999999998,
        "tableName": 0.026845637999999998,
        "tableDescription": 0.026845637999999998,
        "columnName": 0.026845637999999998,
        "columnDescription": 0.026845637999999998,
        "dataType": 0.026845637999999998,
        "sensitive": 0.026845637999999998
    }
}